Codigo,Nombre,CodigoEstado,Estado,CodigoLicitacion,Descripcion,CodigoTipo,Tipo,TipoMoneda,CodigoEstadoProveedor,EstadoProveedor,TieneItems,PromedioCalificacion,CantidadEvaluacion,Descuentos,Cargos,TotalNeto,PorcentajeIva,Impuestos,Total,Financiamiento,Pais,TipoDespacho,FormaPago,Fechas.FechaCreacion,Fechas.FechaEnvio,Fechas.FechaAceptacion,Fechas.FechaCancelacion,Fechas.FechaUltimaModificacion,Comprador.CodigoOrganismo,Comprador.NombreOrganismo,Comprador.RutUnidad,Comprador.CodigoUnidad,Comprador.NombreUnidad,Comprador.Actividad,Comprador.DireccionUnidad,Comprador.ComunaUnidad,Comprador.RegionUnidad,Comprador.Pais,Comprador.NombreContacto,Comprador.CargoContacto,Comprador.FonoContacto,Comprador.MailContacto,Proveedor.Codigo,Proveedor.Nombre,Proveedor.Actividad,Proveedor.CodigoSucursal,Proveedor.NombreSucursal,Proveedor.RutSucursal,Proveedor.Direccion,Proveedor.Comuna,Proveedor.Region,Proveedor.Pais,Proveedor.NombreContacto,Proveedor.CargoContacto,Proveedor.FonoContacto,Proveedor.MailContacto,Items.Cantidad,Items.Listado,CategoriaProducto,FechaProcesamiento
1075337-7578-CM26,rvv Compra Recarga tarjetas Alimentación funcionarios médicos,4,Enviada a proveedor,,"CON EL FIN DE MEJORAR NUESTROS TIEMPOS DE DEVENGO Y PAGO, SE INDICA QUE EN PRIMERA INSTANCIA LA ORDEN DE COMPRA DEBE SER ACEPTADA POR PROVEEDOR EN PLATAFORMA MERCADO PUBLICO, LOS PRODUCTOS SERAN RECEPCIONADOS CON GUIA DE DESPACHO, POSTERIOR A LA RECEPCION",9,CM,CLP,1,Nueva orden de compra,1,4.767676767676767,99,253782.0,0.0,5075631.0,19.0,916151.0,5738001.0,,CL,12,2,2026-04-01T10:10:08.503,2026-04-02T09:14:16.957,,,2026-04-01T11:01:00,7306,SERVICIO DE SALUD ARAUCANIA NORTE HOSPITAL DE ANGOL,61.602.222-9,1075337,Bienes y Servicio,Bienes y Servicios,GENERAL BONILLA #695,Angol,Región de la Araucanía ,CL,Romina Vasquez Vasquez,,,,27693,EDENRED CHILE SOCIEDAD ANONIMA,"RESTAURANTES| OTROS TIPOS DE INTERMEDIACION MONETARIA N.C.P.| SOCIEDADES DE INVERSION Y RENTISTAS DE CAPITALES MOBILIARIOS EN GENERA| COMPRA, VENTA Y ALQUILER (EXCEPTO AMOBLADOS) DE INMUEBLES PROPIOS O AR| OTRAS ACTIVIDADES EMPRESARIALES N.C.P.",27623,EDENRED CHILE S.A.,96.781.350-8,AV ANDRES BELLO N° 2687,,,CL,,Contacto,,,1,"[{'Correlativo': 1, 'CodigoCategoria': 0, 'Categoria': '', 'CodigoProducto': 0, 'Producto': 'ALIMENTACIÓN -  ', 'EspecificacionComprador': '(1964920) ALIMENTACIÓN -  ', 'EspecificacionProveedor': '(1964920) ALIMENTACIÓN -   ; Región Metropolitana de Santiago; Santiago; Direccion no aplica a productos virtuales; DESCUENTO 5,0%', 'Cantidad': 1.0, 'Unidad': None, 'Moneda': 'CLP', 'PrecioNeto': 5075631.0, 'TotalCargos': 0.0, 'TotalDescuentos': 0.0, 'TotalImpuestos': 0.0, 'Total': 5075631.0}]",ALIMENTACION,2026-04-02T12:20:55.830210
707409-32-CM26,Orden de Compra: 707409-32-CM26,12,Recepción Conforme,,Orden de Compra codigo: 707409-32-CM26 dirigida a EDENRED CHILE SOCIEDAD ANONIMA,9,CM,CLP,7,Recepción Conforme,1,4.767676767676767,99,29368.0,0.0,587351.0,19.0,106017.0,664000.0,,CL,12,2,2026-03-23T16:12:41.163,2026-03-23T16:36:47.293,2026-03-24T14:54:15.033,,2026-03-23T16:36:00,1172700,FUNDACION EDUCACIONAL PARA EL DESAROLLO INTEGRAL DE LA NIÑEZ,70.574.900-0,707409,Regional Arica-Parinacota,Establ. Enseñ. Pre-Escol,"Carlos Dittborn 042, Poblacion Magisterio",Arica,Región de Arica y Parinacota,CL,Celso Alejandro Taucare Villarreal,,,,27693,EDENRED CHILE SOCIEDAD ANONIMA,"RESTAURANTES| OTROS TIPOS DE INTERMEDIACION MONETARIA N.C.P.| SOCIEDADES DE INVERSION Y RENTISTAS DE CAPITALES MOBILIARIOS EN GENERA| COMPRA, VENTA Y ALQUILER (EXCEPTO AMOBLADOS) DE INMUEBLES PROPIOS O AR| OTRAS ACTIVIDADES EMPRESARIALES N.C.P.",27623,EDENRED CHILE S.A.,96.781.350-8,AV ANDRES BELLO N° 2687,,,CL,,Contacto,,,1,"[{'Correlativo': 1, 'CodigoCategoria': 0, 'Categoria': '', 'CodigoProducto': 0, 'Producto': 'ALIMENTACIÓN -  ', 'EspecificacionComprador': '(1964920) ALIMENTACIÓN -  ', 'EspecificacionProveedor': '(1964920) ALIMENTACIÓN -   ; Región Metropolitana de Santiago; Santiago; Direccion no aplica a productos virtuales; DESCUENTO 5,0%', 'Cantidad': 1.0, 'Unidad': None, 'Moneda': 'CLP', 'PrecioNeto': 587351.0, 'TotalCargos': 0.0, 'TotalDescuentos': 0.0, 'TotalImpuestos': 0.0, 'Total': 587351.0}]",ALIMENTACION,2026-04-02T12:20:55.830210
1057480-899-CM26,Orden de Compra: 1057480-899-CM26,4,Enviada a proveedor,,"4.	La Factura NO PODRÁ SUPERAR el monto de la orden de compra de lo contrario también se cancelará por forma.
5.	PAC RES N° 11865/2025
6.	Facturas electrónicas enviarlas al correo: facturas.hsjm@redsalud.gov.cl con copia al correo dipresrecepcion@custodiu",9,CM,CLP,1,Nueva orden de compra,1,4.767676767676767,99,3051747.0,0.0,61034940.0,19.0,11016807.0,69000000.0,,CL,12,2,2026-04-02T08:54:27.89,2026-04-02T08:59:32.137,,,2026-04-02T08:57:00,7458,Hospital de Melipilla,61.602.123-0,1057480,Hospital de Melipilla,Servicio Público,"O´ higgins 551, Melipilla, Región Metropolitana de",Melipilla,Región Metropolitana de Santiago,CL,Isabel del Pilar Retamales Piña,,,,27693,EDENRED CHILE SOCIEDAD ANONIMA,"RESTAURANTES| OTROS TIPOS DE INTERMEDIACION MONETARIA N.C.P.| SOCIEDADES DE INVERSION Y RENTISTAS DE CAPITALES MOBILIARIOS EN GENERA| COMPRA, VENTA Y ALQUILER (EXCEPTO AMOBLADOS) DE INMUEBLES PROPIOS O AR| OTRAS ACTIVIDADES EMPRESARIALES N.C.P.",27623,EDENRED CHILE S.A.,96.781.350-8,AV ANDRES BELLO N° 2687,,,CL,,Contacto,,,1,"[{'Correlativo': 1, 'CodigoCategoria': 0, 'Categoria': '', 'CodigoProducto': 0, 'Producto': 'ALIMENTACIÓN -  ', 'EspecificacionComprador': '(1964920) ALIMENTACIÓN -  ', 'EspecificacionProveedor': '(1964920) ALIMENTACIÓN -   ; Región Metropolitana de Santiago; Santiago; Direccion no aplica a productos virtuales; DESCUENTO 5,0%', 'Cantidad': 1.0, 'Unidad': None, 'Moneda': 'CLP', 'PrecioNeto': 61034940.0, 'TotalCargos': 0.0, 'TotalDescuentos': 0.0, 'TotalImpuestos': 0.0, 'Total': 61034940.0}]",ALIMENTACION,2026-04-02T12:20:55.830210
2115-232-SE26,SERV. SALA CUNA - 03/2026,12,Recepción Conforme,2115-37-LE24,"Los pagos son a través de la TGR, por lo cual, ante dudas o consultas, debe ingresar el titular (proveedor) del pago, a través del Sitio Web de la TGR (Ingresar con Rut y Clave), indicando Rut de la Sociedad, N° DTE y montos de los pagos.
	Los 8 días de reclamación del DTE, es a partir de la fecha de la publicación en el SII, y no de la emisión de la DTE. 
	 DTE, debe informar ID de OC en el campo 801. 
	 Antes de emitir un DTE la OC debe estar en estado aceptada en Mercado Público. 
	 El monto de la DTE no puede ser superior a lo indicado en la OC 
	 La casilla de intercambio es dipresrecepcion@custodium.com, se debe enviar un XML con el formato correspondiente al intercambio electrónico publicado por el SII, desde emitida la DTE no pueden transcurrir más de 72 horas para el envío de la factura a las casillas de correos anteriormente mencionadas. 
	Envío de datos de transferencia a Mail: sofia.rodriguez@crsmaipu.cl
",8,SE,CLP,7,Recepción Conforme,1,4.767676767676767,99,0.0,0.0,940000.0,0.0,0.0,940000.0,556,CL,7,2,2026-03-30T12:02:47.607,2026-03-30T12:41:04.71,2026-03-30T16:16:52.663,,2026-03-30T12:09:00,7317,CENTRO DE REFERENCIA DE SALUD DE MAIPU,65.061.030-k,3110,Departamento de Abastecimiento,HOSPITALES Y CLINICAS,Camino Rinconada 1001,* ,Región Metropolitana de Santiago,CL,Yasna Echeverría Feliú,Profesional Depto Adquisiciones,,,27693,EDENRED CHILE SOCIEDAD ANONIMA,RESTAURANTES| OTROS TIPOS DE INTERMEDIACION MONETA,27623,EDENRED CHILE S.A.,96.781.350-8,"Avenida Andres Bello # 2687, piso 13.",Las Condes,Región Metropolitana de Santiago,CL,YASMIN GUERRA,ADMINISTRATIVA MERCADO PUBLICO,,,1,"[{'Correlativo': 1, 'CodigoCategoria': 91111900, 'Categoria': 'Servicios de cuidado personal y domésticos / Servicio doméstico y de cuidados / Cuidado de niños, personas enfermas y ancianos', 'CodigoProducto': 91111901, 'Producto': 'Jardines infantiles o salas cunas', 'EspecificacionComprador': 'DETALLE EN CERTIFICADO ADJUNTO N°20 DE COORDINACION TECNICA', 'EspecificacionProveedor': 'DETALLE EN CERTIFICADO ADJUNTO N°20 DE COORDINACION TECNICA', 'Cantidad': 1.0, 'Unidad': None, 'Moneda': 'CLP', 'PrecioNeto': 940000.0, 'TotalCargos': 0.0, 'TotalDescuentos': 0.0, 'TotalImpuestos': 0.0, 'Total': 940000.0}]",SALA CUNA,2026-04-02T13:35:39.377438
3439-35-CM26,RECARGAS TARJETAS ALIMENTACION DEPTO. L.4. (ABRIL),4,Enviada a proveedor,,,9,CM,CLP,1,Nueva orden de compra,1,4.767676767676767,99,78802.0,0.0,1576050.0,19.0,284477.0,1781725.0,,CL,12,2,2026-04-01T16:47:52.28,2026-04-02T09:38:57.94,,,2026-04-01T17:23:00,113812,DIRECCION DE LOGISTICA DE CARABINEROS,61.938.500-4,4360,Depto.Fomento Equino L4,,"Teatinos 20, oficina 67, Santiago",Santiago,Región Metropolitana de Santiago,CL,Norma Luisa Pinochet Cepeda,,,,27693,EDENRED CHILE SOCIEDAD ANONIMA,"RESTAURANTES| OTROS TIPOS DE INTERMEDIACION MONETARIA N.C.P.| SOCIEDADES DE INVERSION Y RENTISTAS DE CAPITALES MOBILIARIOS EN GENERA| COMPRA, VENTA Y ALQUILER (EXCEPTO AMOBLADOS) DE INMUEBLES PROPIOS O AR| OTRAS ACTIVIDADES EMPRESARIALES N.C.P.",27623,EDENRED CHILE S.A.,96.781.350-8,AV ANDRES BELLO N° 2687,,,CL,,Contacto,,,1,"[{'Correlativo': 1, 'CodigoCategoria': 0, 'Categoria': '', 'CodigoProducto': 0, 'Producto': 'ALIMENTACIÓN -  ', 'EspecificacionComprador': '(1964920) ALIMENTACIÓN -  ', 'EspecificacionProveedor': '(1964920) ALIMENTACIÓN -   ; Región Metropolitana de Santiago; Santiago; Direccion no aplica a productos virtuales; DESCUENTO 5,0%', 'Cantidad': 1.0, 'Unidad': None, 'Moneda': 'CLP', 'PrecioNeto': 1576050.0, 'TotalCargos': 0.0, 'TotalDescuentos': 0.0, 'TotalImpuestos': 0.0, 'Total': 1576050.0}]",ALIMENTACION,2026-04-02T13:35:39.377438
4146-15-CM26,GIFT CARD CALZADO (DEPARTAMENTO GESTIÓN TÉCNICA),12,Recepción Conforme,,"FACTURACIÓN: DIRECCIÓN GENERAL DE CARABINEROS DE CHILE.
RUT: 60.505.000-K
DIRECCIÓN: AV. LIBERTADOR BERNARDO O´HIGGINS N°1196, PISO 10.
GIRO: ADMINISTRACIÓN PÚBLICA – DEFENSA.
PLAZO DE CARGA PLATAFORMA: 01 DIA HABIL.
PLAZO GIFT CARD: 05 DIAS HABILES.",9,CM,CLP,7,Recepción Conforme,1,4.767676767676767,99,3486000.0,0.0,29050000.0,0.0,0.0,25564000.0,22.02.003,CL,12,2,2026-03-20T09:03:36.647,2026-03-20T13:25:36.387,2026-03-23T16:31:12.03,,2026-04-01T07:45:00,113812,DIRECCION DE LOGISTICA DE CARABINEROS,60.505.000-K,5066,DEPARTAMENTO GESTIÓN TÉCNICA,Comprador,Av. Lib. Bdo. O'higgins 1196,Santiago Centro,Región Metropolitana de Santiago,CL,Deissa  Olivero Jofré,,,,27693,EDENRED CHILE SOCIEDAD ANONIMA,"RESTAURANTES| OTROS TIPOS DE INTERMEDIACION MONETARIA N.C.P.| SOCIEDADES DE INVERSION Y RENTISTAS DE CAPITALES MOBILIARIOS EN GENERA| COMPRA, VENTA Y ALQUILER (EXCEPTO AMOBLADOS) DE INMUEBLES PROPIOS O AR| OTRAS ACTIVIDADES EMPRESARIALES N.C.P.",27623,EDENRED CHILE S.A.,96.781.350-8,AV ANDRES BELLO N° 2687,,,CL,,Contacto,,,1,"[{'Correlativo': 1, 'CodigoCategoria': 0, 'Categoria': '', 'CodigoProducto': 0, 'Producto': 'VESTUARIO Y CALZADO -  ', 'EspecificacionComprador': '(1964922) VESTUARIO Y CALZADO -  ', 'EspecificacionProveedor': '(1964922) VESTUARIO Y CALZADO -   ; Región Metropolitana de Santiago; Santiago; Direccion no aplica a productos virtuales; DESCUENTO 12,0%', 'Cantidad': 1.0, 'Unidad': None, 'Moneda': 'CLP', 'PrecioNeto': 29050000.0, 'TotalCargos': 0.0, 'TotalDescuentos': 0.0, 'TotalImpuestos': 0.0, 'Total': 29050000.0}]",VESTUARIO_Y_CALZADO,2026-04-02T13:35:39.377438
1063538-2390-SE26,ORDEN DE COMPRA DESDE 1063538-204-LR24	,12,Recepción Conforme,1063538-204-LR24,"CONV. SUM. ENTREGA DE BENEFICIOS DE ALIMENTACION DESDE 1063538-204-LR24.

CARGA MASIVA Y DIARIA ABRIL 2026, SOLICITADA POR SUBDIRECCION DE GESTION DE PERSONAS Y AUTORIZADA POR SDA CON FECHA 23/03/2026.",8,SE,CLP,7,Recepción Conforme,1,4.767676767676767,99,8042860.0,0.0,157703131.0,19.0,28435452.0,178095723.0,,CL,7,2,2026-03-23T11:45:17.23,2026-03-23T14:49:50.25,2026-03-24T10:11:18.357,,2026-03-23T11:50:00,7393,HOSPITAL BASE OSORNO,61.602.260-1,1063538,Bienes y Servicios,Salud Pública,"GUILLERMO BUHLER 1765, OSORNO",* ,Región de los Lagos ,CL,CARMEN GALLARDO,APOYO ABASTECIMIENTO,,,27693,EDENRED CHILE SOCIEDAD ANONIMA,RESTAURANTES| OTROS TIPOS DE INTERMEDIACION MONETA,27623,EDENRED CHILE S.A.,96.781.350-8,"Avenida Andres Bello # 2687, piso 13.",Las Condes,Región Metropolitana de Santiago,CL,YASMIN GUERRA,ADMINISTRATIVA MERCADO PUBLICO,,,1,"[{'Correlativo': 1, 'CodigoCategoria': 14111600, 'Categoria': 'Productos de papel / Productos de papel / Papel fantasía', 'CodigoProducto': 14111604, 'Producto': 'Tarjetas comerciales', 'EspecificacionComprador': '001-3001 |\tTarjetas de Alimentación', 'EspecificacionProveedor': 'e presenta oferta Edenred Chile S.A.  Conforme al numeral 10.2 de las bases administrativas ingresar el porcentaje de descuento y la aclaración por el foro de consultas y respuestas ingresar valor carga diaria, ingresamos el valor de carga diaria, sin per', 'Cantidad': 1.0, 'Unidad': None, 'Moneda': 'CLP', 'PrecioNeto': 157703131.0, 'TotalCargos': 0.0, 'TotalDescuentos': 0.0, 'TotalImpuestos': 0.0, 'Total': 157703131.0}]",ALIMENTACION,2026-04-02T13:35:39.377438
707428-38-SE26,SERVICIO DE ALIMENTACION ABRIL 2026,4,Enviada a proveedor,707428-1-LR24,"La Fundación Integra, en adelante indistintamente también “la Fundación” o “Integra””, requiere contratar los Servicios de Alimentación para Trabajadores y Trabajadoras de la oficina Sur Oriente, de conformidad a lo señalado en las presentes bases administrativas y a las especificaciones indicadas en las bases técnicas respectivas",8,SE,CLP,1,Nueva orden de compra,1,4.767676767676767,99,377111.0,0.0,8978825.0,19.0,1634326.0,10236039.0,,CL,12,2,2026-04-02T08:41:46.43,2026-04-02T09:32:49.883,,,2026-04-02T09:06:00,1172700,FUNDACION EDUCACIONAL PARA EL DESAROLLO INTEGRAL DE LA NIÑEZ,70.574.900-0,707428,Regional Sur-Oriente,Est. Enseñ. Pre-Escolar,Profesor Carlos Porter 23,Santiago,Región Metropolitana de Santiago,CL,Patricia Madriaza,Analista de Abastecimiento,,,27693,EDENRED CHILE SOCIEDAD ANONIMA,RESTAURANTES| OTROS TIPOS DE INTERMEDIACION MONETA,27623,EDENRED CHILE S.A.,96.781.350-8,AV ANDRES BELLO N° 2687,Las Condes,Región Metropolitana de Santiago,CL,YASMIN GUERRA,ADMINISTRATIVA MERCADO PUBLICO,,,1,"[{'Correlativo': 1, 'CodigoCategoria': 93151500, 'Categoria': 'Organizaciones y consultorías políticas, demográficas, económicas, sociales y de administración pública / Administración y finanzas públicas / Administración pública', 'CodigoProducto': 93151507, 'Producto': 'Procedimientos o servicios administrativos', 'EspecificacionComprador': '', 'EspecificacionProveedor': '', 'Cantidad': 2226.0, 'Unidad': None, 'Moneda': 'CLP', 'PrecioNeto': 4033.614, 'TotalCargos': 0.0, 'TotalDescuentos': 0.0, 'TotalImpuestos': 0.0, 'Total': 8978824.764}]",ALIMENTACION,2026-04-02T13:35:39.377438
875646-1135-SE26,GRAN COMPRA ID 80204  N°2,4,Enviada a proveedor,,"ADQUISICION DE SUMINISTRI DE TARJETAS DE ALIMENTACION/TICKETS
REXE N° 233 30-01-2026  APRUEBA ACUERDO COMPLEMENTARIO DESDE 01-03-2026 HASTA 28-02-2027",8,SE,CLP,1,Nueva orden de compra,1,4.767676767676767,99,2941176.0,0.0,58823529.0,19.0,10617647.0,66500000.0,,CL,7,2,2026-04-02T09:05:12.387,2026-04-02T10:14:03.553,,,2026-04-02T10:07:00,1470807,Hospital Dr. Eduardo Pereira Ramirez,61.602.057-9,875646,Hospital Dr. Eduardo Pereira Ramirez,Servicios de Salud Publica,Enrique Ibsen s/ n° Cerro Delicias,Valparaíso,Región de Valparaíso ,CL,María Isabel Quintana Castillo,Ejecutiva de compras,,,27693,EDENRED CHILE SOCIEDAD ANONIMA,RESTAURANTES| OTROS TIPOS DE INTERMEDIACION MONETA,27623,EDENRED CHILE S.A.,96.781.350-8,"Avenida Andres Bello # 2687, piso 13.",Las Condes,Región Metropolitana de Santiago,CL,YASMIN GUERRA,ADMINISTRATIVA MERCADO PUBLICO,,,1,"[{'Correlativo': 1, 'CodigoCategoria': 93131600, 'Categoria': 'Organizaciones y consultorías políticas, demográficas, económicas, sociales y de administración pública / Ayuda y asistencia humanitaria / Política, planificación y programas de alimentación y nutrición', 'CodigoProducto': 93131608, 'Producto': 'Servicios de suministro de alimentos', 'EspecificacionComprador': '', 'EspecificacionProveedor': 'ID PRODUCTO1964920   TARJETA DE ALIMENTACION SEGUN GRAN COMPRA ID N° 80204\r\nCARGA MENSUAL ', 'Cantidad': 1.0, 'Unidad': None, 'Moneda': 'CLP', 'PrecioNeto': 58823529.0, 'TotalCargos': 0.0, 'TotalDescuentos': 0.0, 'TotalImpuestos': 0.0, 'Total': 58823529.0}]",ALIMENTACION,2026-04-02T13:35:39.377438
1557-93-CM26,Orden de Compra: 1557-93-CM26,12,Recepción Conforme,,Orden de Compra codigo: 1557-93-CM26 dirigida a EDENRED CHILE SOCIEDAD ANONIMA,9,CM,CLP,7,Recepción Conforme,1,4.767676767676767,99,756418.0,0.0,15128361.0,19.0,2730669.0,17102612.0,737,CL,12,2,2026-03-27T12:41:47.993,2026-03-27T16:08:05.08,2026-03-30T15:25:29.727,,2026-03-27T12:47:00,7414,SERVICIO SALUD ATACAMA HOSPITAL DE HUASCO,61.606.309-k,2553,Hospital de Huasco,,Canteras 105,Huasco,Región de Atacama ,CL,Patricio Gomez Ordenes,,,,27693,EDENRED CHILE SOCIEDAD ANONIMA,"RESTAURANTES| OTROS TIPOS DE INTERMEDIACION MONETARIA N.C.P.| SOCIEDADES DE INVERSION Y RENTISTAS DE CAPITALES MOBILIARIOS EN GENERA| COMPRA, VENTA Y ALQUILER (EXCEPTO AMOBLADOS) DE INMUEBLES PROPIOS O AR| OTRAS ACTIVIDADES EMPRESARIALES N.C.P.",27623,EDENRED CHILE S.A.,96.781.350-8,AV ANDRES BELLO N° 2687,,,CL,,Contacto,,,1,"[{'Correlativo': 1, 'CodigoCategoria': 0, 'Categoria': '', 'CodigoProducto': 0, 'Producto': 'ALIMENTACIÓN -  ', 'EspecificacionComprador': '(1964920) ALIMENTACIÓN -  ', 'EspecificacionProveedor': '(1964920) ALIMENTACIÓN -   ; Región Metropolitana de Santiago; Santiago; Direccion no aplica a productos virtuales; DESCUENTO 5,0%', 'Cantidad': 1.0, 'Unidad': None, 'Moneda': 'CLP', 'PrecioNeto': 15128361.0, 'TotalCargos': 0.0, 'TotalDescuentos': 0.0, 'TotalImpuestos': 0.0, 'Total': 15128361.0}]",ALIMENTACION,2026-04-02T13:35:39.377438
2115-231-SE26,ADMIN. SALA CUNA - 03/2026,12,Recepción Conforme,2115-37-LE24,"Los pagos son a través de la TGR, por lo cual, ante dudas o consultas, debe ingresar el titular (proveedor) del pago, a través del Sitio Web de la TGR (Ingresar con Rut y Clave), indicando Rut de la Sociedad, N° DTE y montos de los pagos.
	Los 8 días de reclamación del DTE, es a partir de la fecha de la publicación en el SII, y no de la emisión de la DTE. 
	 DTE, debe informar ID de OC en el campo 801. 
	 Antes de emitir un DTE la OC debe estar en estado aceptada en Mercado Público. 
	 El monto de la DTE no puede ser superior a lo indicado en la OC 
	 La casilla de intercambio es dipresrecepcion@custodium.com, se debe enviar un XML con el formato correspondiente al intercambio electrónico publicado por el SII, desde emitida la DTE no pueden transcurrir más de 72 horas para el envío de la factura a las casillas de correos anteriormente mencionadas. 
	Envío de datos de transferencia a Mail: sofia.rodriguez@crsmaipu.cl
",8,SE,CLP,7,Recepción Conforme,1,4.767676767676767,99,0.0,0.0,37600.0,19.0,7144.0,44744.0,557,CL,7,2,2026-03-30T12:02:37.36,2026-03-30T12:41:00.247,2026-03-30T16:16:32.82,,2026-03-30T12:12:00,7317,CENTRO DE REFERENCIA DE SALUD DE MAIPU,65.061.030-k,3110,Departamento de Abastecimiento,HOSPITALES Y CLINICAS,Camino Rinconada 1001,* ,Región Metropolitana de Santiago,CL,Yasna Echeverría Feliú,Profesional Depto Adquisiciones,,,27693,EDENRED CHILE SOCIEDAD ANONIMA,RESTAURANTES| OTROS TIPOS DE INTERMEDIACION MONETA,27623,EDENRED CHILE S.A.,96.781.350-8,"Avenida Andres Bello # 2687, piso 13.",Las Condes,Región Metropolitana de Santiago,CL,YASMIN GUERRA,ADMINISTRATIVA MERCADO PUBLICO,,,1,"[{'Correlativo': 1, 'CodigoCategoria': 91111900, 'Categoria': 'Servicios de cuidado personal y domésticos / Servicio doméstico y de cuidados / Cuidado de niños, personas enfermas y ancianos', 'CodigoProducto': 91111901, 'Producto': 'Jardines infantiles o salas cunas', 'EspecificacionComprador': 'ADMINISTRACION PARA BENEFICIO DE SALA CUNA \r\n4% TOTAL DEL SERVICIO MARZO 2026\r\nDETALLE EN CERTIFICADO ADJUNTO N°20 DE COORDINACION TECNICA', 'EspecificacionProveedor': 'ADMINISTRACION PARA BENEFICIO DE SALA CUNA \r\n4% TOTAL DEL SERVICIO MARZO 2026\r\nDETALLE EN CERTIFICADO ADJUNTO N°20 DE COORDINACION TECNICA', 'Cantidad': 1.0, 'Unidad': None, 'Moneda': 'CLP', 'PrecioNeto': 37600.0, 'TotalCargos': 0.0, 'TotalDescuentos': 0.0, 'TotalImpuestos': 0.0, 'Total': 37600.0}]",SALA CUNA,2026-04-02T13:35:39.377438
1171142-1183-SE26,SUMINISTRO DE TARJETA DE ALIMENTACION PARA FUNCIONARIOS DEL SERVICIO DE SALUD ARAUCANIA SUR DESDE 1175-209-LR24,12,Recepción Conforme,,"CDP 384/2026
SUMINISTRO DE TARJETA DE ALIMENTACION PARA FUNCIONARIOS DEL SERVICIO DE SALUD ARAUCANIA SUR DESDE 1175-209-LR24",8,SE,CLP,7,Recepción Conforme,1,4.767676767676767,99,2525281.0,0.0,52067647.0,19.0,9413050.0,58955416.0,,Other,7,2,2026-03-20T08:37:32.243,2026-03-23T11:01:15.917,2026-03-24T12:09:04.643,,2026-03-31T15:08:00,1759990,HOSPITAL COMPLEJO ASISTENCIAL PADRE LAS CASAS,62.000.830-3,1171142,HOSPITAL COMPLEJO ASISTENCIAL PADRE LAS CASAS,HOSPITAL,Sin dirección Registrada para Unidad de Compra,Padre Las Casas,Región de la Araucanía ,Other,BENJAMIN ALEXIS PAILLAN COÑOMAN,COMPRADOR,,,27693,EDENRED CHILE SOCIEDAD ANONIMA,RESTAURANTES| OTROS TIPOS DE INTERMEDIACION MONETA,27623,EDENRED CHILE S.A.,96.781.350-8,"Avenida Andres Bello # 2687, piso 13.",Las Condes,Región Metropolitana de Santiago,CL,YASMIN GUERRA,ADMINISTRATIVA MERCADO PUBLICO,,,1,"[{'Correlativo': 1, 'CodigoCategoria': 93131600, 'Categoria': 'Organizaciones y consultorías políticas, demográficas, económicas, sociales y de administración pública / Ayuda y asistencia humanitaria / Política, planificación y programas de alimentación y nutrición', 'CodigoProducto': 93131608, 'Producto': 'Servicios de suministro de alimentos', 'EspecificacionComprador': 'SUMINISTRO DE TARJETAS DE ALIMENTACION PARA FUNCIONARIOS DEL SERVICIO DE SALUD ARAUCANIA SUR \r\nDESDE 1175-209-LR24', 'EspecificacionProveedor': 'SUMINISTRO DE TARJETAS DE ALIMENTACION PARA FUNCIONARIOS DEL SERVICIO DE SALUD ARAUCANIA SUR DESDE 1175-209-LR24', 'Cantidad': 1.0, 'Unidad': None, 'Moneda': 'CLP', 'PrecioNeto': 52067647.0, 'TotalCargos': 0.0, 'TotalDescuentos': 0.0, 'TotalImpuestos': 0.0, 'Total': 52067647.0}]",ALIMENTACION,2026-04-02T13:35:39.377438
1079969-56-CM26,BENEFICIO RECARGA TARJETA DE ALIMENTACIÓN EXTRAORDINARIA CON MOTIVO DE LA CONMEMORACIÓN DEL DÍA JOVEN COMBATIENTE LOS DIAS 28 Y 29 DE MARZO POR UN MONTO DE $48.000  PARA LA 67 COMISARIA SEGURIDAD PRIVADA,12,Recepción Conforme,,"TIPO DE RACION	
COLACIONES	$48.000.-
TOTAL	$48.000.-
",9,CM,CLP,7,Recepción Conforme,1,4.767676767676767,99,2017.0,0.0,40336.0,19.0,7281.0,45600.0,,CL,12,2,2026-03-25T16:49:37.387,2026-03-26T12:39:31.69,2026-03-27T09:59:08.477,,2026-03-26T12:38:00,113812,DIRECCION DE LOGISTICA DE CARABINEROS,61.944.800-6,1079969,SECCIÓN COMPRAS ZONA SEG PRIV CONTROL ARMAS Y EXPL,COMPRAS SECCIÓN SEG PRIV CONT ARMAS Y EXPLOSIVOS,PASEO HUERFANOS N° 540 SANTIAGO,Santiago,Región Metropolitana de Santiago,CL,Nicol Priscila Paisil Marin,,,,27693,EDENRED CHILE SOCIEDAD ANONIMA,"RESTAURANTES| OTROS TIPOS DE INTERMEDIACION MONETARIA N.C.P.| SOCIEDADES DE INVERSION Y RENTISTAS DE CAPITALES MOBILIARIOS EN GENERA| COMPRA, VENTA Y ALQUILER (EXCEPTO AMOBLADOS) DE INMUEBLES PROPIOS O AR| OTRAS ACTIVIDADES EMPRESARIALES N.C.P.",27623,EDENRED CHILE S.A.,96.781.350-8,AV ANDRES BELLO N° 2687,,,CL,,Contacto,,,1,"[{'Correlativo': 1, 'CodigoCategoria': 0, 'Categoria': '', 'CodigoProducto': 0, 'Producto': 'ALIMENTACIÓN -  ', 'EspecificacionComprador': '(1964920) ALIMENTACIÓN -  ', 'EspecificacionProveedor': '(1964920) ALIMENTACIÓN -   ; Región Metropolitana de Santiago; Santiago; Direccion no aplica a productos virtuales; DESCUENTO 5,0%', 'Cantidad': 1.0, 'Unidad': None, 'Moneda': 'CLP', 'PrecioNeto': 40336.0, 'TotalCargos': 0.0, 'TotalDescuentos': 0.0, 'TotalImpuestos': 0.0, 'Total': 40336.0}]",ALIMENTACION,2026-04-02T14:29:43.280927
707424-15-CM26,Orden de Compra generada por la Gran Compra: 80619,4,Enviada a proveedor,,Servicio de administración del beneficio de alimentación para  trabajadores y trabajadoras de Fundación Integra de Oficina Regional de Los Ríos.,9,CM,CLP,1,Nueva orden de compra,1,4.767676767676767,99,0.0,0.0,77485714.0,19.0,14722286.0,92208000.0,,CL,12,2,2026-03-16T12:13:14.713,2026-04-02T09:30:54.25,,,2026-04-02T09:31:00,1172700,FUNDACION EDUCACIONAL PARA EL DESAROLLO INTEGRAL DE LA NIÑEZ,70.574.900-0,707424,Regional Los Rios,Est. Enseñ. Pre-Escolar,Camilo Henriquez 929,Valdivia,Región de Los Ríos,CL,Yennifer Oyarzo,ANALISTA DE FINANZAS,,,27693,EDENRED CHILE SOCIEDAD ANONIMA,RESTAURANTES| OTROS TIPOS DE INTERMEDIACION MONETA,27623,EDENRED CHILE S.A.,96.781.350-8,"Avenida Andres Bello # 2687, piso 13.",Las Condes,Región Metropolitana de Santiago,CL,YASMIN GUERRA,ADMINISTRATIVA MERCADO PUBLICO,,,1,"[{'Correlativo': 1, 'CodigoCategoria': 93151500, 'Categoria': 'Organizaciones y consultorías políticas, demográficas, económicas, sociales y de administración pública / Administración y finanzas públicas / Administración pública', 'CodigoProducto': 93151507, 'Producto': 'Procedimientos administrativos', 'EspecificacionComprador': '(1964920) ALIMENTACIÓN -   1964920', 'EspecificacionProveedor': '(1964920) ALIMENTACIÓN -  ; Código: ;Región : XIV\r\n', 'Cantidad': 1.0, 'Unidad': None, 'Moneda': 'CLP', 'PrecioNeto': 77485714.0, 'TotalCargos': 0.0, 'TotalDescuentos': 0.0, 'TotalImpuestos': 0.0, 'Total': 77485714.0}]",ALIMENTACION,2026-04-02T14:29:43.280927
1529-88-CM26,BENEFICIO CARGA DE ALIMENTACION FUNCIONARIOS MES DE MARZO 2026,12,Recepción Conforme,,"Orden de Compra codigo: 1529-88-CM26 dirigida a EDENRED CHILE SOCIEDAD ANONIMA
Beneficio Carga de alimentación funcionarios mes de Marzo 2026, solicitado en memorándum N°96 de Recursos Humanos, por Marcia Díaz.
Saldo real a cargar: $ 48.061.460",9,CM,CLP,7,Recepción Conforme,1,4.767676767676767,99,2019389.0,0.0,40387782.0,19.0,7289995.0,45658388.0,1349,CL,12,2,2026-03-27T15:35:17.617,2026-03-27T16:28:56.66,2026-03-30T15:26:45.517,,2026-03-27T15:41:00,7440,SERVICIO DE SALUD HOSPITAL DE RENGO,61.602.140-0,2525,Hospital de Rengo,HOSPITALES Y CLINICAS,Av. Dr. Renato Correa Labra Nº 210,Rengo,Región del Libertador General Bernardo O´Higgins,CL,Camila Larenas Banda,,,,27693,EDENRED CHILE SOCIEDAD ANONIMA,"RESTAURANTES| OTROS TIPOS DE INTERMEDIACION MONETARIA N.C.P.| SOCIEDADES DE INVERSION Y RENTISTAS DE CAPITALES MOBILIARIOS EN GENERA| COMPRA, VENTA Y ALQUILER (EXCEPTO AMOBLADOS) DE INMUEBLES PROPIOS O AR| OTRAS ACTIVIDADES EMPRESARIALES N.C.P.",27623,EDENRED CHILE S.A.,96.781.350-8,AV ANDRES BELLO N° 2687,,,CL,,Contacto,,,1,"[{'Correlativo': 1, 'CodigoCategoria': 0, 'Categoria': '', 'CodigoProducto': 0, 'Producto': 'ALIMENTACIÓN -  ', 'EspecificacionComprador': '(1964920) ALIMENTACIÓN -  ', 'EspecificacionProveedor': '(1964920) ALIMENTACIÓN -   ; Región Metropolitana de Santiago; Santiago; Direccion no aplica a productos virtuales; DESCUENTO 5,0%', 'Cantidad': 1.0, 'Unidad': None, 'Moneda': 'CLP', 'PrecioNeto': 40387782.0, 'TotalCargos': 0.0, 'TotalDescuentos': 0.0, 'TotalImpuestos': 0.0, 'Total': 40387782.0}]",ALIMENTACION,2026-04-02T14:29:43.280927
3349-77-CM26,FI_ADQUISICIÓN DE TARJETA DE ALIMENTACIÓN PARA EXISTENCIA DEL RANCHO DEL CASINO MILITAR DE SUBOFICIALES,4,Enviada a proveedor,,"FI_ADQUISICIÓN DE TARJETA DE ALIMENTACIÓN PARA EXISTENCIA DEL RANCHO DEL CASINO MILITAR DE SUBOFICIALES

Enviar factura a finanzas.cazadores@ejercito.cl
Orden de Compra SIGLE: 335477
",9,CM,CLP,1,Nueva orden de compra,1,4.767676767676767,99,789474.0,0.0,15789473.0,0.0,0.0,14999999.0,9/544500/FONDOS INTERNOS/1100035011/22.01.001/2026,CL,12,2,2026-03-25T10:33:28.083,2026-04-02T10:10:25.683,,,2026-04-02T09:46:00,111870,DIVISION LOGISTICA DEL EJERCITO,65.283.230-K,4270,2da Brigada Acorazada Cazadores - 2DA BRIACO,,Panamericana Norte S/N,Pozo Almonte,Región de Tarapacá  ,CL,Javier Ignacio Hernandez Politano,,,,27693,EDENRED CHILE SOCIEDAD ANONIMA,"RESTAURANTES| OTROS TIPOS DE INTERMEDIACION MONETARIA N.C.P.| SOCIEDADES DE INVERSION Y RENTISTAS DE CAPITALES MOBILIARIOS EN GENERA| COMPRA, VENTA Y ALQUILER (EXCEPTO AMOBLADOS) DE INMUEBLES PROPIOS O AR| OTRAS ACTIVIDADES EMPRESARIALES N.C.P.",27623,EDENRED CHILE S.A.,96.781.350-8,AV ANDRES BELLO N° 2687,,,CL,,Contacto,,,1,"[{'Correlativo': 1, 'CodigoCategoria': 0, 'Categoria': '', 'CodigoProducto': 0, 'Producto': 'ALIMENTACIÓN -  ', 'EspecificacionComprador': '(1964920) ALIMENTACIÓN -  ', 'EspecificacionProveedor': '(1964920) ALIMENTACIÓN -   ; Región Metropolitana de Santiago; Santiago; Direccion no aplica a productos virtuales; DESCUENTO 5,0%', 'Cantidad': 1.0, 'Unidad': None, 'Moneda': 'CLP', 'PrecioNeto': 15789473.0, 'TotalCargos': 0.0, 'TotalDescuentos': 0.0, 'TotalImpuestos': 0.0, 'Total': 15789473.0}]",ALIMENTACION,2026-04-02T14:29:43.280927
1079596-52-CM26,ADQUISICION DE RECARGAS DE TARJETAS DE ALIMENTACIÓN MES DE ABRIL PARA EL PERSONAL DE LA ZONA DE ARICA Y PARINACOTA  Orden de Compra: 1079596-52-CM26,4,Enviada a proveedor,,Orden de Compra codigo: 1079596-52-CM26 dirigida a EDENRED CHILE SOCIEDAD ANONIMA,9,CM,CLP,1,Nueva orden de compra,1,4.767676767676767,99,1032521.0,0.0,20650420.0,19.0,3727401.0,23345300.0,,CL,12,2,2026-03-31T10:45:31.823,2026-04-02T08:58:43.22,,,2026-03-31T11:30:00,113812,DIRECCION DE LOGISTICA DE CARABINEROS,60.505.101-4,1079596,SECCIÓN DE COMPRAS ZONA ARICA Y PARINACOTA,compradora,"JUAN NOÉ N° 799, ARICA",Arica,Región de Arica y Parinacota,CL,Camila Andrea Norambuena Gonzalez,,,,27693,EDENRED CHILE SOCIEDAD ANONIMA,"RESTAURANTES| OTROS TIPOS DE INTERMEDIACION MONETARIA N.C.P.| SOCIEDADES DE INVERSION Y RENTISTAS DE CAPITALES MOBILIARIOS EN GENERA| COMPRA, VENTA Y ALQUILER (EXCEPTO AMOBLADOS) DE INMUEBLES PROPIOS O AR| OTRAS ACTIVIDADES EMPRESARIALES N.C.P.",27623,EDENRED CHILE S.A.,96.781.350-8,AV ANDRES BELLO N° 2687,,,CL,,Contacto,,,1,"[{'Correlativo': 1, 'CodigoCategoria': 0, 'Categoria': '', 'CodigoProducto': 0, 'Producto': 'ALIMENTACIÓN -  ', 'EspecificacionComprador': '(1964920) ALIMENTACIÓN -  ', 'EspecificacionProveedor': '(1964920) ALIMENTACIÓN -   ; Región Metropolitana de Santiago; Santiago; Direccion no aplica a productos virtuales; DESCUENTO 5,0%', 'Cantidad': 1.0, 'Unidad': None, 'Moneda': 'CLP', 'PrecioNeto': 20650420.0, 'TotalCargos': 0.0, 'TotalDescuentos': 0.0, 'TotalImpuestos': 0.0, 'Total': 20650420.0}]",ALIMENTACION,2026-04-02T14:29:43.280927
1288-198-SE26,RECARGA TARJETA ALIMENTACION ABRIL (AIG),4,Enviada a proveedor,,"Gran Compra ID: 74904. CARGA PARCIALIZADA PARA EL MES DE ABRIL 2026, SEGUN SOLICITUD
REFERENTE TECNICO LILIAN ESCOBAR LILIAN.ESCOBAR@REDSALUD.GOB.CL
RECEPCION CONFORME: REFERENTE TECNICO
LA RECEPCIÓN DE DOCUMENTOS TRIBUTARIOS ELECTRÓNICOS EMITIDOS A PARTIR DEL 22/01/2018 SE REALIZARÁ A TRAVÉS
DEL PORTAL DE SII, POR LO CUAL NO SERÁ NECESARIO SU ENVÍO A OFICINA DE PARTES.
SERA OBLIGATORIO QUE EL PROVEEDOR REGISTRE EL ID DE LA ORDEN DE COMPRA EN LOS DOCUMENTOS TRIBUTARIOS
ELECTRÓNICOS EN LA SECCIÓN “DOCUMENTOS REFERENCIADOS”
EL PROVEEDOR DEBERÁ ACEPTAR LA ORDEN DE COMPRA EN UN PLAZO DE 72 HORAS
RECORDAMOS QUE EL CORREO DE ENLACE ES dipresrecepcion@custodium.com",8,SE,CLP,1,Nueva orden de compra,1,4.767676767676767,99,1764706.0,0.0,35294118.0,19.0,6370588.0,39900000.0,,CL,22,2,2026-04-01T09:46:14.21,2026-04-02T08:54:54.38,,,2026-04-01T09:52:00,7029,SERVICIO SALUD METROPOLITANO OCCIDENTE,61.608.200-0,2284,Servicio de Salud Metropolitano Occidente,HOSPITALES Y CLINICAS,"Libertador Bernardo O´Higgnis N° 2429, Santiago",* ,Región Metropolitana de Santiago,CL,Viviana Curillán,EJECUTIVA DE COMPRAS,,,27693,EDENRED CHILE SOCIEDAD ANONIMA,RESTAURANTES| OTROS TIPOS DE INTERMEDIACION MONETA,27623,EDENRED CHILE S.A.,96.781.350-8,"Avenida Andres Bello # 2687, piso 13.",Las Condes,Región Metropolitana de Santiago,CL,YASMIN GUERRA,ADMINISTRATIVA MERCADO PUBLICO,,,1,"[{'Correlativo': 1, 'CodigoCategoria': 80111500, 'Categoria': 'Servicios profesionales, administrativos y consultorías de gestión empresarial / Servicios de recursos humanos / Consultorías para el desarrollo de recursos humanos', 'CodigoProducto': 80111502, 'Producto': 'Planificación de compensaciones o beneficios', 'EspecificacionComprador': 'RECARGA TARJETA ALIMENTACION FUNCIONARIOS MES DE ABRIL 2026 - Proveniente de  Gran Compra ID: 74904', 'EspecificacionProveedor': 'RECARGA TARJETA ALIMENTACION FUNCIONARIOS MES DE ABRIL 2026 - Proveniente de  Gran Compra ID: 74904', 'Cantidad': 1.0, 'Unidad': None, 'Moneda': 'CLP', 'PrecioNeto': 35294118.0, 'TotalCargos': 0.0, 'TotalDescuentos': 0.0, 'TotalImpuestos': 0.0, 'Total': 35294118.0}]",ALIMENTACION,2026-04-02T14:29:43.280927
872-24-CM26,Alimentación Funcionarios CCHEN Feb - Mar 2026,12,Recepción Conforme,,"PROVEEDOR: Referenciar número de orden de compra en Factura y Guía de Despacho
En caso de entregas parcializadas, indicar en guía de despacho y factura los productos efectivamente entregados
PAGO: Informar N° de Cta. Cte., Banco y RUT a los e-mail: miguel",9,CM,CLP,7,Recepción Conforme,1,4.767676767676767,99,1357806.0,0.0,27156125.0,19.0,4901681.0,30699999.0,,CL,12,2,2026-01-30T11:59:59.297,2026-01-30T14:44:06.797,2026-01-30T15:41:47.73,,2026-01-30T14:20:00,7219,Comisión Chilena de Energía Nuclear,82.983.100-7,1868,Comisión Chilena de Energía Nuclear,INVESTIGACIONES Y DESARROLLO EXPERIMENTAL EN EL CA,"Ruta 68, Km 20 (Despues del Peaje y antes del Túnel Lo Prado)",Santiago,Región Metropolitana de Santiago,CL,Victor Jara,,,,27693,EDENRED CHILE SOCIEDAD ANONIMA,"RESTAURANTES| OTROS TIPOS DE INTERMEDIACION MONETARIA N.C.P.| SOCIEDADES DE INVERSION Y RENTISTAS DE CAPITALES MOBILIARIOS EN GENERA| COMPRA, VENTA Y ALQUILER (EXCEPTO AMOBLADOS) DE INMUEBLES PROPIOS O AR| OTRAS ACTIVIDADES EMPRESARIALES N.C.P.",27623,EDENRED CHILE S.A.,96.781.350-8,"Avenida Andres Bello # 2687, piso 13.",,,CL,,Contacto,,,1,"[{'Correlativo': 1, 'CodigoCategoria': 0, 'Categoria': '', 'CodigoProducto': 0, 'Producto': 'ALIMENTACIÓN -  ', 'EspecificacionComprador': '(1964920) ALIMENTACIÓN -  ', 'EspecificacionProveedor': '(1964920) ALIMENTACIÓN -   ; Región Metropolitana de Santiago; Santiago; Direccion no aplica a productos virtuales; DESCUENTO 5,0%', 'Cantidad': 1.0, 'Unidad': None, 'Moneda': 'CLP', 'PrecioNeto': 27156125.0, 'TotalCargos': 0.0, 'TotalDescuentos': 0.0, 'TotalImpuestos': 0.0, 'Total': 27156125.0}]",ALIMENTACION,2026-04-02T14:29:43.280927
